{"mean": [54.85123966942149, 0.6735537190082644, 0.9669421487603306, 131.80578512396696, 246.7603305785124, 0.1487603305785124, 0.5206611570247934, 149.82644628099175, 0.3347107438016529, 1.0632231404958679, 1.4090909090909092, 0.7272727272727273, 2.2892561983471076], "scale": [8.925922094667824, 0.4689126854952853, 1.0478934736844314, 17.079526178036232, 53.36131709276102, 0.35585206845638, 0.5316304805314178, 23.121196202129383, 0.4718892473720896, 1.1912953675254756, 0.6182486594879746, 1.02851895445316, 0.6224188556615778]}